paths,log10_paths,sim_per_path,closed_form_price,mc_price,price_error,closed_form_delta,legacy_corrected_delta,legacy_delta_error,finite_difference_delta,finite_difference_delta_error,smoothed_delta_w=0.25,smoothed_delta_error_w=0.25,smoothed_delta_w=0.5,smoothed_delta_error_w=0.5,smoothed_delta_w=1,smoothed_delta_error_w=1,smoothed_delta_w=2,smoothed_delta_error_w=2
100,2,1,0.03853957643191281,0.0097028602136627166,-0.028836716218250093,-9.6747855376591024e-05,-9.6747855376584302e-05,6.7220534694101275e-18,0,9.6747855376591024e-05,0.025809452423165419,0.02590620027854201,0.0306899273006732,0.030786675156049791,0.024889637920269235,0.024986385775645825,0.010810224611099933,0.010906972466476523
200,2.3010299956639813,1,0.03853957643191281,0.019405720427325433,-0.019133856004587377,-9.6747855376591024e-05,-9.6747855376584302e-05,6.7220534694101275e-18,0,9.6747855376591024e-05,0.019058153597843876,0.019154901453220467,0.020025329245507067,0.020122077100883658,0.013415170012465318,0.013511917867841908,0.0033546556677175004,0.0034514035230940915
500,2.6989700043360187,1,0.03853957643191281,0.032989724726453236,-0.0055498517054595742,-9.6747855376591024e-05,-9.6747855376583055e-05,7.9688859677684576e-18,0,9.6747855376591024e-05,-0.0023198014673308058,-0.0022230536119542147,0.0010657982329565195,0.0011625460883331106,0.0020265988877972334,0.0021233467431738245,0.001625480336409547,0.0017222281917861381
1000,3,1,0.03853957643191281,0.04366287096148222,0.0051232945295694096,-9.6747855376591024e-05,-9.6747855376587012e-05,4.0115480381963664e-18,0.048514301068313531,0.048611048923690121,-0.0039026933798396121,-0.003805945524463021,-0.0021922535002434637,-0.0020955056448668727,-0.0014844252656868711,-0.00138767741031028,-0.0014396212892858944,-0.0013428734339093033
2000,3.3010299956639813,1,0.03853957643191281,0.043177727950799084,0.0046381515188862743,-9.6747855376591024e-05,-9.674785537658334e-05,7.6842828974910127e-18,0.024257150534156766,0.024353898389533356,-0.00084459611276051704,-0.00074784825738392598,0.00069442692207716467,0.00079117477745375574,0.00048355697247881395,0.00058030482785540502,-0.0010059150192297621,-0.00090916716385317105
5000,3.6989700043360187,1,0.03853957643191281,0.039005498058924122,0.00046592162701131201,-9.6747855376591024e-05,-9.6747855376598532e-05,-7.5081000444621182e-18,0.02910858064098798,0.02920532849636457,0.0016926576514441809,0.001789405506820772,0.003357779394556205,0.003454527249932796,0.0026217726090600087,0.0027185204644365997,0.00019081767084764043,0.00028756552622423144
10000,4,1,0.03853957643191281,0.037453040424738085,-0.0010865360071747251,-9.6747855376591024e-05,-9.674785537660993e-05,-1.8905775382715984e-17,0.01455429032049399,0.01465103817587058,-0.0014700123439041991,-0.001373264488527608,0.00011861869746652779,0.00021536655284311882,0.00026755082009765377,0.00036429867547424478,-0.00021556959145511569,-0.00011882173607852466
20000,4.3010299956639813,1,0.03853957643191281,0.037404526123669769,-0.0011350503082430408,-9.6747855376591024e-05,-9.6747855376561927e-05,2.9097275804079725e-17,0.0024257150534157806,0.0025224629087923717,-8.9769146916290766e-05,6.9787084603002583e-06,-0.0001571890472457249,-6.0441191869133875e-05,-0.0001232709417335387,-2.6523086356947679e-05,-0.00015580618598135632,-5.9058330604765301e-05
50000,4.6989700043360187,1,0.03853957643191281,0.038326297843967731,-0.00021327858794507881,-9.6747855376591024e-05,-9.6747855376618102e-05,-2.7077949257825473e-17,-0.0058217161281973184,-0.0057249682728207274,-0.0010766416993057812,-0.00097989384392919011,-0.0008634713058187709,-0.00076672345044217984,-0.00073329005091824764,-0.00063654219554165658,-0.00044341213796625503,-0.00034666428258966402
100000,5,1,0.03853957643191281,0.038753223693368893,0.00021364726145608331,-9.6747855376591024e-05,-9.6747855376610946e-05,-1.9922214919421144e-17,-0.0014554290320496766,-0.0013586811766730855,-0.00071068551650012551,-0.00061393766112353444,-0.00052166251296488389,-0.00042491465758829288,-0.00023431963441240624,-0.0001375717790358152,-0.00012627001075855997,-2.9522155381968949e-05
200000,5.3010299956639813,1,0.03853957643191281,0.038821143714864524,0.00028156728295171407,-9.6747855376591024e-05,-9.6747855376346821e-05,2.442029868252038e-16,-0.0038811440854651102,-0.0037843962300885192,-0.00076131987059857467,-0.00066457201522198361,-0.00041203529804515469,-0.00031528744266856368,-8.1706975228652099e-05,1.5040880147938925e-05,-7.2708083027211399e-06,8.9477047073869878e-05
500000,5.6989700043360187,1,0.03853957643191281,0.038611561934249417,7.1985502336606444e-05,-9.6747855376591024e-05,-9.6747855376188351e-05,4.0267268686111635e-16,-0.003298972472645656,-0.0032022246172690649,-0.00062176728087447782,-0.00052501942549788676,-0.00034808385186589543,-0.00025133599648930442,-0.00011090729236708145,-1.4159436990490422e-05,-7.7432065457420625e-05,1.9315789919170399e-05
1000000,6,1,0.03853957643191281,0.038635819084783571,9.6242652870760781e-05,-9.6747855376591024e-05,-9.6747855378601934e-05,-2.0109104268903333e-15,-0.0016009719352543667,-0.0015042240798777756,-0.00023193197323011385,-0.00013518411785352284,-0.00020089506088661469,-0.00010414720551002366,-0.00013253700269112384,-3.5789147314532811e-05,-0.00011978393093034227,-2.3036075553751245e-05
2000000,6.3010299956639813,1,0.03853957643191281,0.038631937940698108,9.2361508785297752e-05,-9.6747855376591024e-05,-9.6747855375851178e-05,7.3984600997695216e-16,-0.00029108580640972714,-0.00019433795103313613,-0.00023431698167806179,-0.00013756912630147078,-0.00023047446196612628,-0.00013372660658953525,-0.00018048255370548466,-8.3734698328893635e-05,-0.00013740155803297114,-4.0653702656380121e-05
5000000,6.6989700043360187,1,0.03853957643191281,0.038544418141570863,4.8417096580530283e-06,-9.6747855376591024e-05,-9.6747855371853508e-05,4.7375162603655041e-15,2.9108580641007409e-05,0.00012585643601759842,-0.00015140326370259385,-5.4655408326002822e-05,-0.00011977989404660412,-2.3032038670013093e-05,-9.2417828366044724e-05,4.3300270105463002e-06,-9.4897189457328226e-05,1.8506659192627975e-06
10000000,7,1,0.03853957643191281,0.038529378708239692,-1.0197723673117942e-05,-9.6747855376591024e-05,-9.6747855343689771e-05,3.2901253336353742e-14,0.00024742293544856298,0.00034417079082515399,-9.9263437477202344e-06,8.6821511628870795e-05,-3.1527276184714541e-05,6.5220579191876482e-05,-5.7276739449195016e-05,3.9471115927396008e-05,-8.5739030840095262e-05,1.1008824536495762e-05
15000000,7.1760912590556813,1,0.03853957643191281,0.038548816771534392,9.2403396215814948e-06,-9.6747855376591024e-05,-9.6747855403373853e-05,-2.6782829426474919e-14,-6.4685734758179736e-06,9.027928190077305e-05,-4.7665665306229581e-05,4.9082190070361443e-05,-4.8779434613896638e-05,4.7968420762694386e-05,-6.1003179343615214e-05,3.574467603297581e-05,-8.6874012570868658e-05,9.8738428057223662e-06
